phase,vmin,vmax,line_max_%,trafo_max_%
baseline,0.9229797752679386,1.03,96.95880689646795,101.41147271329632
selected,0.9515528091076045,1.03,81.67415392469702,90.12479860758239
